{"hello": [[0.5907325744628906, 0.6377770304679871], [0.6153894066810608, 0.5981090664863586], [0.6069290637969971, 0.5455004572868347], [0.5782701373100281, 0.5136184096336365], [0.555046796798706, 0.49205678701400757], [0.5727115869522095, 0.4949963390827179], [0.5386120080947876, 0.43505895137786865], [0.5175299048423767, 0.3977087736129761], [0.5031349062919617, 0.37132975459098816], [0.5384823679924011, 0.49937793612480164], [0.50093674659729, 0.43858933448791504], [0.4802868366241455, 0.4009297490119934], [0.46461156010627747, 0.3731244206428528], [0.5093813538551331, 0.5115897059440613], [0.47213470935821533, 0.4587309658527374], [0.4536299705505371, 0.42511898279190063], [0.44041526317596436, 0.3989538252353668], [0.48481789231300354, 0.5312554836273193], [0.45526453852653503, 0.49223417043685913], [0.4396710991859436, 0.4679258465766907], [0.42808595299720764, 0.44908779859542847]], "good": [[0.6435464918613434, 0.5704026222229004], [0.650833249092102, 0.4896681159734726], [0.6131884753704071, 0.42282091081142426], [0.5660779029130936, 0.39909282326698303], [0.52664515376091, 0.3833184838294983], [0.5452110469341278, 0.4640886038541794], [0.456975057721138, 0.43224552273750305], [0.40220923721790314, 0.4009549021720886], [0.3626861870288849, 0.37424392998218536], [0.5201235413551331, 0.5113682597875595], [0.4242132008075714, 0.4704453945159912], [0.36464524269104004, 0.43115250766277313], [0.3229333311319351, 0.3964390605688095], [0.5039295554161072, 0.5494304746389389], [0.41874368488788605, 0.5052791386842728], [0.3684033304452896, 0.4660675823688507], [0.3340374529361725, 0.43109646439552307], [0.4956355690956116, 0.5813065469264984], [0.42825736105442047, 0.5456153750419617], [0.38711392879486084, 0.5152551084756851], [0.3586844354867935, 0.4878910779953003]], "yes": [[0.5541157126426697, 0.5796749591827393], [0.34831205010414124, 0.5087594985961914], [0.18043702840805054, 0.40982240438461304], [0.18982252478599548, 0.3058302104473114], [0.2858074903488159, 0.2180265337228775], [0.3218388557434082, 0.16921350359916687], [0.1994096338748932, 0.1637856662273407], [0.21936476230621338, 0.24492114782333374], [0.2753942012786865, 0.2766991853713989], [0.4563218951225281, 0.15741539001464844], [0.35274550318717957, 0.18435922265052795], [0.3626793324947357, 0.3197484612464905], [0.399335652589798, 0.3207579255104065], [0.5934160351753235, 0.17718535661697388], [0.4887964725494385, 0.20907539129257202], [0.47517409920692444, 0.33429980278015137], [0.5086653232574463, 0.33026763796806335], [0.7309567332267761, 0.2210908830165863], [0.6272640228271484, 0.22745707631111145], [0.5978776812553406, 0.31935182213783264], [0.6323164105415344, 0.326121985912323]], "no": [[0.23705703020095825, 0.6128103733062744], [0.3508925437927246, 0.6329472064971924], [0.5184876322746277, 0.555137038230896], [0.6614208221435547, 0.476920485496521], [0.7922908663749695, 0.4553017020225525], [0.3692605495452881, 0.34478461742401123], [0.5625657439231873, 0.26813632249832153], [0.708534300327301, 0.23080024123191833], [0.8144693374633789, 0.20036286115646362], [0.33889898657798767, 0.29795560240745544], [0.5469464063644409, 0.2350117266178131], [0.698768138885498, 0.2059720903635025], [0.8135801553726196, 0.18307244777679443], [0.3392065763473511, 0.28555792570114136], [0.524040937423706, 0.23850151896476746], [0.6621195673942566, 0.21080562472343445], [0.7758206129074097, 0.1893668919801712], [0.3483717441558838, 0.289421021938324], [0.4952695965766907, 0.25340014696121216], [0.6006417870521545, 0.23888646066188812], [0.6936877965927124, 0.22999294102191925]], "thank_you": [[0.4037598967552185, 0.5700987577438354], [0.3388124704360962, 0.45725899934768677], [0.3242190182209015, 0.3110661804676056], [0.35135799646377563, 0.1991225779056549], [0.3738093078136444, 0.11326125264167786], [0.3550602197647095, 0.3429211974143982], [0.4176567792892456, 0.22603839635849], [0.46263059973716736, 0.15828603506088257], [0.49527209997177124, 0.10435850918292999], [0.4246010184288025, 0.3872447609901428], [0.4954405426979065, 0.2567007541656494], [0.544417679309845, 0.1747206747531891], [0.5796858668327332, 0.10832555592060089], [0.494743287563324, 0.4309593439102173], [0.5598419904708862, 0.3002506494522095], [0.6040741205215454, 0.2187696099281311], [0.6327086687088013, 0.148919016122818], [0.5624395608901978, 0.4699645936489105], [0.6168844699859619, 0.36320847272872925], [0.6502468585968018, 0.2964937686920166], [0.6761487126350403, 0.23752917349338531]]}